Company Name,Phone number,Website
iHeartMedia Charlotte ,No phone number listed,No website found
Crimson Park Digital,704-710-6250,No website found
Element 4 Signs & Graphics,704-584-9134,No website found
Escape Plan Marketing,980-285-7782,No website found
Custom Ink,704-935-5604,"https://www.customink.com/phillipsplace
                    "
"Law Office of Jana K. Jones, PLLC",704-275-3505,"https://lawofficeofjkj.com
                    "
MR Consulting,704-605-4447,No website found
Carolinas NOW ,704-905-1563,"https://carolinas-now.com/
                    "
Queen City Magazine,704-755-7601,"https://citylifestyle.com/queencity
                    "
Studio490,704-948-1587,No website found
HIS Radio 96.5,864-292-6040,No website found
Ace & TJ Show,843-212-6522,"https://acetj.com
                    "
"PWErhardt-media, LLC",704-315-1332,No website found
"We Are HeadStart, Inc.",202-407-2898,"https://www.weareheadstart.com               "
The SMB Strategist,919-500-7643,No website found
The Charlotte Ledger,No phone number listed,No website found
Purple Mountain Consulting,512-773-1942,No website found
FASTSIGNS Charlotte Airport,704-961-9900,"https://www.fastsigns.com/2437
                    "
RP Signs,980-321-4995,No website found
Adobe Acrobat,408-753-5826,"convert PDF to PPT
                    "
Bouley Printing Company,704-588-3365,"https://www.bouleyprinting.com
                    "
CLT Public Relations,No phone number listed,"www.cltpr.com
                    "
Taylor's Pro Tax & Beyond ,866-860-7008 ext 1,No website found
South Charlotte Media Group,704-681-8854,No website found
BSA PR & Marketing ,704-777-4842,No website found
Phoenixfire Design & Consulting,704-989-5753,No website found
South City Print,704-529-0555,"https://www.southcityprint.com
                    "
DymeDigital Media,704-387-9977,No website found
MacFly Fresh Printing Company,704-802-9633,No website found
AC Creative Collective,404-731-1017,No website found
Preferment LLC,980-939-2748,No website found
Kim Brattain Media,888-394-4753,"https://kimbrattain.com/
                    "
Digital Marketing Solutions By Online Advantages™,866-932-3443,No website found
IBX Digital,704-800-3774,"https://ibx.digital
                    "
Certified Digital Marketing Professional Association,910-257-3017,No website found
Underdog Business Strategies,610-322-8733,No website found
Lazarus Design Team,704-459-2454,No website found
FASTSIGNS Charlotte/South Tryon,704-527-9102,No website found
Instant Imprints Charlotte,704-584-7764,No website found
Adams Outdoor Advertising,No phone number listed,No website found
NetMetrics,704-287-1665,No website found
WDAV 89.9FM,877-333-8990,No website found
Action Plus Ideas,704-535-8337,No website found
Charlotte Sign Studio,980-666-8284,No website found
Simpli.fi ,636-795-0877,No website found
The Wilson Media Co.,813-733-7681,"www.thewilsonmedia.co
                    "
Promotion Magic,704-596-2300,No website found
Coumba Win Design,802-990-3399,"https://www.coumba.win
                    "
Heritage Signs & Displays,704-551-0700,No website found
Vibe.co ,585-300-1028,"https://vibe.co
                    "
Queen City Vizion LLC,703-217-5038,"https://www.linkedin.com/in/zach-bokulic-mba-6a7b31a7
                    "
Cargill,704-679-7120,"https://www.cargill.com
                    "
"The Bahamas Ministry of Tourism, Investments & Aviation",919-455-6609,No website listed
DUKE Limo ,980-401-2246,"https://dukelimo.com
                    "
Oak Lake Townhomes,704-266-1534,"https://www.oaklakeliving.com
                    "
NOVEL University,704-343-8688,No website found
Hawthorne at Whitehall ,704-672-5309,No website found
Summit Place at South Park - Five Star Senior Living ,704-525-5508,No website found
The Villas at Trevi Village,980-286-8815,"https://www.thevillasattrevivillage.com
                    "
Meta Stone Inc ,704-910-0035,No website found
Spire Luxury Apartments,336-331-1700,"https://www.luxuryapartmentscharlottenc.com
                    "
Solis Millennium,980-348-9485,"solismillennium.com
                    "
Redwood Charlotte Harris Houston Apartments,844-490-2077,No website found
Taylor Farms Apartments,317-354-5068,No website found
Abberly Liberty Crossing,704-817-1200,No website found
Dryer Vent Superheroes of Mecklenburg County,980-550-5401,"https://dryerventheroes.com
                    "
Finley on the Green,704-831-7035,No website found
HHHunt/Abberly Commons Apartment Homes,980-327-1800,"www.abberlycommons.com
                    "
Linz Charlotte,704-503-9290,"https://www.linzcharlotte.com
                    "
Soulful Sounds,704-848-6650,No website found
Lovin' Life Music Fest,N/a,No website found
Game Show Battle Rooms LLC,704-323-7095,No website found
The Escape Game Concord,704-286-9834,No website found
"Brian Lafontaine, Incorporated",646-544-6912,"https://brianlafontaine.com
                    "
aWardVoiceOver,217-402-2639,No website found
Deborah Bell Events,704-560-2304,No website found
Hawaii Fluid Art - Charlotte,704-589-4348,No website found
Graston Studios ,980-331-2997,No website found
Training Concepts,917-687-3702,"https://www.tc.fitness
                    "
Ansley Corporate Entertainment,No phone number listed,No website found
Frankie's Fun Park,704-875-7888 ext. 4,No website found
TMG Unique Event Designs,631-762-4864,No website found
Game Faith Collective,407-676-2987,No website found
Escapology Escape Rooms Charlotte,704-995-0578,No website found
Carolina DJ Professionals,704-990-5622,"https://www.carolinadjprofessionals.com
                    "
Uptown Funk Tour,336-918-2022,No website found
Vidya Raman Leadership Programs,281-813-7415,No website found
Girl Scouts Hornets Nest Council,704-731-6500,No website found
Paschal Events,704-906-2929,No website found
Activate Charlotte,704-412-6464,No website found
Randy Marion KIA- Commercial Advantage,704-235-2690,No website found
MARK FICKEN FORD & LINCOLN,704-552-2760,No website found
The Car Park,919-833-7522,No website found
Pro-Tint,704-938-8468,"https://www.protint.com
                    "
Links Car Wash,704-500-1639,No website found
Greater Charlotte Auto Dealers Association,704-364-1078,"https://www.charlotteautoshow.com
                    "
Parks Auto Group - Commercial Division,336-992-2009,"https://www.parkscommercial.com
                    "
AAA,704-503-6814,No website found
Mercedes-Benz of South Charlotte,704-889-4444,No website found
Top 2 Bottom Business Solutions,518-469-6994,No website found
"Brian Lafontaine, Incorporated",646-544-6912,"https://brianlafontaine.com
                    "
"Bryson Bahrs, LLC",704-444-0478,No website found
Advancial Federal Credit Union,800-322-2709,No website found
Healthy Mindset App,704-752-8101,No website found
Emily Green LLC,314-800-3398,No website found
ARC Point Labs - ZEM Aesthetics and Med Spa,704-900-8625,"https://www.zemmedspa.com
                    "
ZenBusiness,844-493-6249,No website found
CPCC - Small Business Center and the Corporate Engagement Team,704-330-6736,"https://CPCC.edu/sbc
                    "
Caregiver Mental Wellness,770-653-2389,No website found
MirchCPA,704-935-4525,No website found
"DT2 Hospitality Solutions, LLC",704-284-9444,"https://www.dt2hospitality.com
                    "
Inspired Plastics,803-960-3359,No website found
BBI,201-988-8578,"https://www.bbiteam.com
                    "
ANC Group,888-424-4863,"ancgroup.com
                    "
Mind at Ease LLC,856-693-9256,No website found
Hilldrup,704-996-2634,No website found
"Debbie's Staffing Services, Inc",704-494-8884,"https://www.debbiesstaffing.com
                    "
Sherwin Williams,980-938-7897,"https://www.sherwin-williams.com/store-locator/paint-store/charlotte/nc
                    "
Southwestern Consulting,704-345-4734,No website found
Chase Media,704-606-1144,No website found
"SLJ Mobile Notary Signing Solutions, LLC",980-322-7745,No website found
"Think PMO, LLC",678-386-6657,No website found
The Blue Collar Recruiter & Virtual Trade School,980-306-2806,No website found
Freedom In Me Business Showers,585-424-0972,No website found
Exceed Safety,919-728-7233,"https://www.exceedsafety.com
                    "
MR Consulting,704-605-4447,No website found
Coast Professional Inc.,585-991-2133,"https://www.coastprofessional.com
                    "
Total Payment Solutions LLC/ Carolina ATM,828-502-0133,No website found
"Lead and Grow Consulting, LLC",479-435-2640,"www.howardintl.org
                    "
The Car Park,919-833-7522,No website found
CertaPro Painters of South Charlotte,704-386-8343,No website found
GAITWAY OF CHARLOTTE LLC,704-641-1132,No website found
McDowell Recruitment and Employment Agency,704-729-6022,"https://www.mcdowellrecruitmentandemploymentagency.com
                    "
The Proximity Group,270-348-1781,"https://www.theproximitygroup.org
                    "
HR Unequivocally,704-644-9152,No website found
Bradham Brothers Inc,704-392-8056,No website found
Vidya Raman Leadership Programs,281-813-7415,No website found
Business Served,704-347-9813,No website found
FocalPoint Business Coaching,704-626-6027,No website found
Gregory G. Holsinger CPA PA,704-895-4617,No website found
Win with Gratitude,704-491-3939,No website found
Occam Security ,704-635-6800,No website found
"Peaceful Tails, End-of-Life Animal Doula",980-999-1751,"https://Peacefultailsdoula.com
                    "
CharlotteELF & CharlotteLightscapes ,704-604-6707,No website found
Vasami Training ,914-450-3614,"chrisvasami.com
                    "
Charlotte Payroll,704-887-5511,"https://www.charlottepayroll.com
                    "
Taylor's Pro Tax & Beyond ,866-860-7008 ext 1,No website found
Gaitway Learning,980-240-2555,No website found
Principled Payments LLC,704-785-6462,"https://www.principledpayments.com
                    "
Eben Benefits | Risk Strategies,919-896-9045,No website found
Training Concepts,917-687-3702,"https://www.tc.fitness
                    "
Dover Saddlery,980-580-6288,No website found
Elite Resources Inc.,704-504-2299,"https://eliteresources.net
                    "
RMH Business Advocates,704-489-3265,No website found
Cedar Management Group,704-644-8808,No website found
Charlotte's Best Roofing and Restoration,704-345-9446,No website found
Phoenixfire Design & Consulting,704-989-5753,No website found
CGC Water Treatment,No phone number listed,No website found
Tango Leadership,+1 856 313 0892,No website found
Underdog Business Strategies,610-322-8733,No website found
Carolina DJ Professionals,704-990-5622,"https://www.carolinadjprofessionals.com
                    "
Crosswinds Insurance Agency,704-248-2657,"https://CROSSWINDSINSURANCE.COM
                    "
Wake Forest University - Executive Education,877-523-8271,"https://sps.wfu.edu/executive-education
                    "
talentWorthy ,704-318-3718,"https://talentWorthy.us
                    "
Experis,704-409-7625,No website found
Alchemy CoWork ,704-753-8722,"https://www.alchemycowork.com
                    "
East Park Avenue,704-516-9423,"https://www.epatalent.com
                    "
@Work,704-948-5798,No website listed
Rajnak & Co.,704-661-3309,No website found
"Life Curve Consulting, LLC.",704-402-7927,"https://www.renatemoore.com
                    "
"Group Management Services, Inc.",330-659-0100,No website found
Interconnecting Circles and Communities ,1-800-793-6838,"www.connectingcirclesllc.com
                    "
Terri DeBoo Ideas@Work,704-756-5113,"http://terrideboo.com
                    "
Charlotte SHRM,704-618-4041,"www.charlotteshrm.org
                    "
ClarkPowell,800-532-1099,"https://www.clark-powell.com
                    "
Netsafe Solutions,704-333-0404,"https://netsafesolutions.com
                    "
BMI Mergers & Acquisitions,215-240-7648,No website found
"Sullivan CPA, PA",704-332-3933,No website found
SuperC Vitality,704-756-1881,No website found
heyRED Speakers Agency,704-904-2522,"http://www.heyred.biz
                    "
MacFly Fresh Printing Company,704-802-9633,No website found
"Cullum Business Solutions, LLC",404-908-2251,Own Your Success
Davis Window and Door,704-248-4947,"https://daviswin.com
                    "
Guerrilla HR,803-493-7222,"https://www.guerrilla-hr.com
                    "
"Carole Harris Consulting, LLC",517-974-5522,No website found
Steele Restoration LLC,704-577-9334,No website found
DUKE Limo ,980-401-2246,"https://dukelimo.com
                    "
New Leaf Brokerage,980-500-9301,"https://www.newleafbrokerage.com
                    "
Campus to Commerce,336-471-7491,"https://campustocommerce.org
                    "
Out of the Box Advisors,904-468-6268,No website found
Tritech Consulting LLC,864-275-1159,"https://www.tritechconsulting.tech
                    "
Fastest Labs of Charlotte,704-405-2226,"https://www.fastestlabs.com/central-charlotte
                    "
"Law Office of Jana K. Jones, PLLC",704-275-3505,"https://lawofficeofjkj.com
                    "
Rethink AI,704-737-2724,"https://www.rethink-ai.com
                    "
On Purpose Living (OPL),980-999-3087,No website found
TAVARES JAMES LLC,980-403-8257,"https://www.lifelinetoasoul.com
                    "
AEGJ Construction LLC,No phone number listed,"aegjconstruction.com
                    "
"O'Connor Insurance Associates, Inc.",704-510-8884,No website found
Garver,No phone number listed,No website found
"Edmonds Ellis Consulting, LLC",214-883-2289,"https://www.edmondsellis.com
                    "
Trash and Stash Junk Removal,704-327-2446,No website found
Truusight,704-999-8171,No website found
Momentor - Parent Guide,704-607-0569,No website found
Escape Plan Marketing,980-285-7782,No website found
The SMB Strategist,919-500-7643,No website found
CABINET IQ OF CHARLOTTE,425-802-2676,"https://www.cabinetiq.com/charlotte
                    "
MC Career Solutions,615-476-9013,No website found
"Cogent Consulting, LLC",19809391971,"CogentLLC.net
                    "
Certified Digital Marketing Professional Association,910-257-3017,No website found
AC Creative Collective,404-731-1017,No website found
From Fear to Fire,203-312-4990,"https://heatherhansenoneill.com
                    "
Cornerstone Staffing Solutions,704-587-4549,"https://www.work4css.com
                    "
Nesco Resource,No phone number listed,No website found
YPTC,984-377-5050,No website found
KMS (Kemp Management Solutions),205-731-7372,No website found
"Bespoke Beverages Event Bartending, LLC",425-772-6094,No website found
American Red Cross,704-376-1661,No website found
"Network, Build, Grow",803-493-0552,"www.networkbuildgrow.com
                    "
Toastmasters International District 37,310-528-8291,"https://d37toastmasters.org
                    "
"Silver Tree Services, LLC",919-294-6316,"https://silvertreeservices.com
                    "
"Envision Creative Counseling, PLLC",980-417-1462,No website found
Horne HVAC Charlotte,704-321-4173,No website found
Brisbon Notary & Consulting Services LLC,980-272-0193,No website found
MAU Workforce solutions,980-250-1430,No website found
"Peaceful Tails, End-of-Life Animal Doula",980-999-1751,"https://Peacefultailsdoula.com
                    "
Total Payment Solutions LLC/ Carolina ATM,828-502-0133,No website found
Purple Mountain Consulting,512-773-1942,No website found
United Commercial Group,864-621-2160,"https://dreamteamunited.com
                    "
Violet Home Services,704-686-8821,"https://violeths.com
                    "
Kole's Keys Real Estate,704-258-7046,No website found
New Leaf Brokerage,980-500-9301,"https://www.newleafbrokerage.com
                    "
Alchemy CoWork ,704-753-8722,"https://www.alchemycowork.com
                    "
Yancey Realty,704-960-6713,"https://cameron.findhomesincharlotte.com
                    "
Macro Realty Advisores,980-427-9502,No website found
KW Select - John Gorman,704-684-1000,"johngorman.kw.com
                    "
Madison-Simmons Homes & Communities,704-997-8255,"https://www.madisonsimmonshomes.com
                    "
The Car Park,919-833-7522,No website found
"CMC Dataworks, Inc.",704-981-1399,No website found
Compath Solutions,704-804-0100,"Compathsolutions.com
                    "
"MIDTC, LLC",704-897-6022,No website found
ANC Group,888-424-4863,"ancgroup.com
                    "
LDA Engineering,615-788-2454,No website found
Purple Mountain Consulting,512-773-1942,No website found
Network Essentials ,980-416-5952,No website found
Techguru,704-457-7000,No website found
RU SEEING RED LLC,704-846-5400,"https://RUseeingRed.com
                    "
"Think PMO, LLC",678-386-6657,No website found
Netsafe Solutions,704-333-0404,"https://netsafesolutions.com
                    "
Spectrumwise,704-527-8324,No website found
"PayMore® Stores - We Buy, Sell, and Trade Electronics",No phone number listed,No website found
OVATION Wireless Management,704-714-2111,"www.ovationwireless.com
                    "
Madison-Simmons Homes & Communities,704-997-8255,"https://www.madisonsimmonshomes.com
                    "
KMS (Kemp Management Solutions),205-731-7372,No website found
Charlotte's Best Roofing and Restoration,704-345-9446,No website found
BELFOR Property Restoration,919-605-3141,No website found
AEGJ Construction LLC,No phone number listed,"aegjconstruction.com
                    "
Steele Restoration LLC,704-577-9334,No website found
OPC Contracting Inc.,614-450-0020,"https://www.opccontracting.com
                    "
Bumble Roofing of Charlotte,704-469-4513,"https://bumbleroofing.com/charlotte
                    "
Dry Otter Waterproofing,704-966-1771,No website found
Horne HVAC Charlotte,704-321-4173,No website found
NuBlue Service Group,704-740-3273,"https://callnublue.com
                    "
Cynergence,704-299-0528,No website found
American Restoration Disaster Specialist,17044827586,No website found
Norby Painting,704-907-5555,"https://norbypainting.com
                    "
ReVision Design/Remodeling,704-759-3920,No website found
GATA Innovations INC,980-556-2854,"https://www.facebook.com/profile.php?id=100064132149407
                    "
"Summit Design + Build, LLC",312-229-4630,"https://summitdb.com
                    "
Pro-Tint,704-938-8468,"https://www.protint.com
                    "
That 1 Painter Charlotte Metro,704-489-3808,No website found
Trash and Stash Junk Removal,704-327-2446,No website found
Violet Home Services,704-686-8821,"https://violeths.com
                    "
Servicemaster DSI,704-635-9521,No website found
M&DK Investments LLC,704-213-1909,"https://mdkcontracting.com
                    "
Granite Hills Group,980-321-4530,"https://www.granitehillsgroup.com
                    "
Meta Stone Inc ,704-910-0035,No website found
The Lane Construction Corporation,704-553-6500,"https://www.laneconstruct.com
                    "
LDA Engineering,615-788-2454,No website found
Falcone Crawl Space & Structural Repair,704-719-1198,"https://falconecrawlspace.com
                    "
ArtWorks Carolinas,704-351-4851,"https://www.facebook.com/ArtWorksCarolinas
                    "
Sherwin Williams,980-938-7897,"https://www.sherwin-williams.com/store-locator/paint-store/charlotte/nc
                    "
CABINET IQ OF CHARLOTTE,425-802-2676,"https://www.cabinetiq.com/charlotte
                    "
Level Up Tailored Window Coverings,980-316-8045,"https://www.levelupcharlotte.com
                    "
Zen Windows Carolina,704-980-0057,"https://zenwindows.com/charlotte/
                    "
M22 Builders,980-613-2550,"https://M22.LLC
                    "
Davis Window and Door,704-248-4947,"https://daviswin.com
                    "
CertaPro Painters of South Charlotte,704-386-8343,No website found
Dream Home Builders and Remodelers,704-659-1905,No website found
Green Exterior Remodeling,704-776-4049,No website found
Carpenters Local Union 312,336-249-2239,"buildingcarolina.com
                    "
My Shower Door,704-292-6116,"https://myshowerdoor.com
                    "
DryPro Foundation & Crawlspace Specialists,704-440-5652,"https://www.dryprosystems.com
                    "
USA Insulation of Charlotte,704-900-8605,No website found
Prime Earth Inc.,904-472-3917,"https://primeearthinc.com
                    "
"Manning Design and Engineering Group, PLLC",704-517-5401,No website found
American Circuits Inc,704-376-2800,No website found
"Dilling: Heating, Cooling, Plumbing & Electrical",704-248-9468,"https://dillingnc.com
                    "
CharlotteELF & CharlotteLightscapes ,704-604-6707,No website found
Dover Saddlery,980-580-6288,No website found
Greater Charlotte Auto Dealers Association,704-364-1078,"https://www.charlotteautoshow.com
                    "
Frankie's Fun Park,704-875-7888 ext. 4,No website found
"Bespoke Beverages Event Bartending, LLC",425-772-6094,No website found
KELLBELL+CO,704-701-8425,No website found
Carolina DJ Professionals,704-990-5622,"https://www.carolinadjprofessionals.com
                    "
Homewood Suites Charlotte Uptown First Ward,704-335-3338,No website found
AC Creative Collective,404-731-1017,No website found
Hilton Charlotte University Place,704-547-7444,"https://www.hilton.com/en/hotels/clthuhf-hilton-charlotte-university-place/
                    "
Activate Charlotte,704-412-6464,No website found
Perfectly Wrapped Balloons,704-666-2939,"https://www.perfectlywrappedballoons.com
                    "
The DoubleTree by Hilton Charlotte Airport ,17043579121,"https://www.hilton.com/en/hotels/cltapdt-doubletree-charlotte-airport
                    "
The Car Park,919-833-7522,No website found
Game Faith Collective,407-676-2987,No website found
Queen City Vizion LLC,703-217-5038,"https://www.linkedin.com/in/zach-bokulic-mba-6a7b31a7
                    "
Epique Socials,704-615-7681,No website found
Custom Ink,704-935-5604,"https://www.customink.com/phillipsplace
                    "
Lovin' Life Music Fest,N/a,No website found
From Fear to Fire,203-312-4990,"https://heatherhansenoneill.com
                    "
Charlotte Regional Visitors Authority  ,704-339-6040,No website found
Hyatt Centric SouthPark Charlotte,980-299-7123,No website found
CharlotteELF & CharlotteLightscapes ,704-604-6707,No website found
Ink n Ivy Charlotte,704-332-5424,"Visit Our Website
                    "
The Union at Station West,980-272-1997,"https://stationwestunion.com
                    "
Spire Luxury Apartments,336-331-1700,"https://www.luxuryapartmentscharlottenc.com
                    "
Soulful Sounds,704-848-6650,No website found
Heritage Signs & Displays,704-551-0700,No website found
Training Concepts,917-687-3702,"https://www.tc.fitness
                    "
Paschal Events,704-906-2929,No website found
TMG Unique Event Designs,631-762-4864,No website found
Trusted Parents,980-229-7253,No website found
Game Faith Collective,407-676-2987,No website found
Angelic Home Care Agency LLC,980-987-7131,"https://www.Angeliccarellc.Com
                    "
The Blood Connection,864-751-3020,No website found
Uptown Funk Tour,336-918-2022,No website found
Comparion Insurance,980-337-5742,"www.comparioninsurance.com/insurance-agent/north-carolina/charlotte-048c/nicholas-reynolds?y_source=1_NTA0ODYzODctNzE1LWxvY2F0aW9uLndlYnNpdGU%3D
                    "
"TW Insurance Service, LLC",704-819-2299,No website found
LoanDepot,704-281-7041,No website found
Charlotte Payroll,704-887-5511,"https://www.charlottepayroll.com
                    "
Huntington Bank,980-771-8067,"https://www.huntington.com
                    "
GGG Adjusters International,704-339-0900,No website found
"Sullivan CPA, PA",704-332-3933,No website found
Western & Southern Life,704-264-0064,No website found
Tillman Insurance Advisors,980-253-6528,"https://www.combinedinsurance.com/us-en
                    "
The NexLender (Capital Federal Credit Union),980-479-1011,"https://www.thenexlender.com
                    "
Gregory G. Holsinger CPA PA,704-895-4617,No website found
"A Neumann & Associates, LLC",732-872-6777,No website found
United Bank,704-287-7573,"https://bankwithunited.com
                    "
AAA,704-503-6814,No website found
"SFC CPA, PLLC ",704-361-0713,"https://sfccpapllc.com
                    "
BMI Mergers & Acquisitions,215-240-7648,No website found
Crosswinds Insurance Agency,704-248-2657,"https://CROSSWINDSINSURANCE.COM
                    "
Top 2 Bottom Business Solutions,518-469-6994,No website found
Ameriprise Financial,980-440-2255,"https://www.ameripriseadvisors.com/bradford.j.sabol
                    "
Eben Benefits | Risk Strategies,919-896-9045,No website found
Lavoie CPA PLLC,704-644-0235,"www.lavoiepllc.com
                    "
MirchCPA,704-935-4525,No website found
Truliant Federal Credit Union,No phone number listed,No website found
Riad CPA PC,No phone number listed,No website found
New York Life Insurance Company - Donna Calvin,704-718-8164,No website found
Allegacy Federal Credit Union,704-817-9750,No website found
YPTC,984-377-5050,No website found
First Citizens Bank,No phone number listed,No website found
First National Bank,704-370-9018,No website found
Piedmont Advantage Credit Union,336-744-8488,"www.pacu.com
                    "
"Cunningham Wealth Management, LLC",No phone number listed,No website found
Self-Help Credit Union,704-554-7201,No website found
Civic Federal Credit Union,919-755-0534,No website found
Strathmore Capital Advisors ,704-364-4241,"https://strathmorecapadv.com
                    "
Equitable Advisors - Scott Garrett,215-907-1354,"https://www.equitable.com
                    "
Taylor's Pro Tax & Beyond ,866-860-7008 ext 1,No website found
Czarida Leyco - Medicare Insurance,484-843-1107,No website found
TowneBank,704-644-4001,No website found
McGriff,980-329-0602,"https://www.mcgriff.com
                    "
"Radius Financial Group, Inc.",70460402907,No website found
Edward Jones,704-684-4532,"Edward Jones - Financial Advisor: Jonathan Chow
                    "
"Burkett Burkett & Burkett CPA's, P.A.",803-325-1660,"https://www.burkettcpas.com
                    "
"O'Connor Insurance Associates, Inc.",704-510-8884,No website found
2PiFinancial,646-552-0646,"https://www.2pifinancial.com
                    "
RMH Business Advocates,704-489-3265,No website found
New York Life -CSC,718-790-1255,No website found
Northwestern Mutual - Ballantyne,704-251-7349,"https://www.northwesternmutual.com
                    "
Community One Insurance,704-246-6500,"https://communityoneinsurance.com
                    "
Integrated Insurance Solutions ,919-864-2800,No website found
Skyla Credit Union,704-575-4294,No website found
Advancial Federal Credit Union,800-322-2709,No website found
John G. Ullman & Associates,607-259-8497,No website found
Structura Financial Partners - Eleanore Wood,920-539-2935,No website found
New York Life Agent,718-790-1255,No website found
Citrin Cooperman,301-654-9000,No website found
"Brightway Insurance, The Walker Agency",980-255-5088,"http://www.brightwaywalker.com
                    "
Gerald Poyntz Agency,347-526-9558,"https://geraldpoyntzagency.com
                    "
Trailblazers Wealth Partners,980-777-0783,No website found
New York Life Insurance Company.,502-418-9710,"https://www.newyorklife.com/recruiter/jcook08
                    "
Fifth Third Bank - Myers Park,704-417-5657,No website found
Edward Jones - Mountain Island Lake,704-971-0331,"https://www.edwardjones.com/us-en/financial-advisor/anna-hale
                    "
Regions Bank,980-287-2920,"https://www.regions.com/locator/nc/charlotte/full-service-branch-615-south-college-st
                    "
New York Life Insurance Company - SA,No phone number listed,"https://www.newyorklife.com/agent/sardrey
                    "
Carolinas Telco Federal Credit Union,800-622-5305,"https://www.ctelco.org/
                    "
TD Bank,704-208-2187,"https://td.com
                    "
Eastover Capital Management,704-336-6818,No website found
"Bryson Bahrs, LLC",704-444-0478,No website found
"ABD Capital Holdings, LLC",704-607-0775,"www.linkedin.com/in/arthur-dennis-2a06b92a6
                    "
Coastal Bridge Advisors,980-332-6197,No website found
Dryer Vent Superheroes of Mecklenburg County,980-550-5401,"https://dryerventheroes.com
                    "
Hotworx Studio- Charlotte Steele Creek,704-274-1172,"https://www.hotworx.net/studio/charlotte-steele-creek
                    "
CertaPro Painters of South Charlotte,704-386-8343,No website found
GLOBAL GENERAL TRADING LLC,703-679-0185,No website found
AllMyStreets,423-356-9830,"https://www.allmystreets.com
                    "
Skill Success,702-751-5577,No website found
Highland Scholars,704-995-6627,"https://www.highlandscholars.com
                    "
Western Governors University North Carolina,773-899-6558,No website found
Thrive Tutoring - Charlotte,704-245-4571,"https://thrivetutoring.org
                    "
Robinson Technology ,704-449-6636,"notavailable.com
                    "
ECPI University,704-751-4558,No website found
The Blue Collar Recruiter & Virtual Trade School,980-306-2806,No website found
Wake Forest University - Executive Education,877-523-8271,"https://sps.wfu.edu/executive-education
                    "
EWC College Consulting,704-408-5714,No website found
University of South Carolina School of Hospitality and Tourism Management,803-777-7620,"https://sc.edu/hrsm/htmt
                    "
Celebree School,410-252-5646,No website found
TMSA Charlotte,980-321-7744,No website found
Win with Gratitude,704-491-3939,No website found
Civic Impact Academy ,704-900-3428,No website found
Lifeline Education Connection,980-403-8257,"https://www.lifelinetoasoul.com
                    "
"Cogent Consulting, LLC",19809391971,"CogentLLC.net
                    "
Campus to Commerce,336-471-7491,"https://campustocommerce.org
                    "
NC Veterans Business Association,919-255-2515,"https://www.ncvetbiz.org
                    "
Vidya Raman Leadership Programs,281-813-7415,No website found
Training Concepts,917-687-3702,"https://www.tc.fitness
                    "
Carolina International Charter School ,704-455-3847,"https://www.ciscomets.com
                    "
Everbrook Academy,980-249-1830,"https://www.everbrookacademy.com/our-schools/charlotte-nc-4889
                    "
Mecklenburg County Government,No phone number listed,No website found
The John Crosland School ,704-365-5490,No website found
CLT Public Relations,No phone number listed,"www.cltpr.com
                    "
Southeastern College,704-527-4979,No website found
Energize Health & Wellness,803-548-5103,"https://Energizehealthandwellness.com
                    "
Dilworth Center,704-905-5400,No website found
"Schramm New Family Dental, LLC",704-215-4516,No website found
ProHealthy Heart Inc,704-699-7152,No website found
KidsStreet Urgent Care ,256-613-9583,No website found
Dryer Vent Superheroes of Mecklenburg County,980-550-5401,"https://dryerventheroes.com
                    "
Avance Care - Midtown,980-375-0550,"https://www.avancecare.com/locations/midtown-charlotte-nc/
                    "
Spartan Medical Associates,704-469-5613,No website found
WellcomeMD,804-290-9184,"wellcomemd.com
                    "
Kelsey Perry Dental,704-705-7770,No website found
Stanton Optical,407-619-1360,"https://nowoptics.com
                    "
Avance Care - Matthews,980-432-1027,No website found
The Blanchard Institute,704-288-1097,No website found
AFC Urgent Care,704-337-0133,No website found
Avance Care Psychiatry Charlotte,980-580-0639,No website found
Riccobene Associates Family Dentistry,704-248-8327,No website found
Training Concepts,917-687-3702,"https://www.tc.fitness
                    "
HEALTH BY HYPNOSIS,917-549-7384,No website found
The Car Park,919-833-7522,No website found
"Hallmark Homecare - East Charlotte, Concord, Albemarle",704-420-6868,No website found
Avance Care,919-237-1337,No website found
Clear Foundations Therapy and Assessment,704-378-8595,"https://www.clearfoundationsnc.com
                    "
High Focus Centers Charlotte,704-641-9712,No website found
Southeastern Recovery Center,704-572-7172,No website found
Ivy Rehab Physical Therapy,19805567780,No website found
Gracious Living ADHCC Corporation ,704-997-5032,No website found
Angelic Home Care Agency LLC,980-987-7131,"https://www.Angeliccarellc.Com
                    "
Donovan Coaching,704-942-4264,No website found
Geode Health,866-616-3272,"https://book.geodehealth.com/welcome?booker=caresyncNC
                    "
Southeastern College,704-527-4979,No website found
Salt & Souls,704-503-9142,"https://www.saltandsouls.com
                    "
"The Mental Edge, LLC",704-769-3400,"https://www.mentaledgellc.com
                    "
Long Health and Wellness PLLC,980-272-0061,No website found
Levine Hearing,704-540-3081,No website found
GAITWAY OF CHARLOTTE LLC,704-641-1132,No website found
Summit Place at South Park - Five Star Senior Living ,704-525-5508,No website found
RobotLab Charlotte,803-524-2561,No website found
Fastest Labs of Charlotte,704-405-2226,"https://www.fastestlabs.com/central-charlotte
                    "
The Smile Portal Orthodontics,855-535-0542,"https://thesmileportal.com
                    "
Esse Dermatology,980-533-4844,No website found
Blue Cross Blue Shield of North Carolina,336-908-9071,No website found
Stucker Smith and Weatherly,704-626-9949,"https://stuckersmithweatherly.com
                    "
Dowling Defense Group LLC,631-574-7905,"www.dowlingdefensegroup.com
                    "
American Red Cross,704-376-1661,No website found
V Dental Health & Aesthetics,980-275-5445,"https://vdentalhealth.com
                    "
Avance Care - Waxhaw,No phone number listed,No website found
"Cabarrus Rowan Community Health Centers, Inc.",704-792-2297,No website found
Home Care Freedom,704-944-3501,CLICK HERE
Chiropractic Health of Matthews and Dilworth,No phone number listed,No website found
Avance Care Mallard Creek,980-580-0588,No website found
Town Square Innovative Adult Day Center,803-591-9898,No website found
Now Optics,980-260-1043,"myeyelab.com
                    "
Opal Autism Centers,888-392-8642,No website found
Avance Care - Rea Farms,980-580-0468,No website found
Czarida Leyco - Medicare Insurance,484-843-1107,No website found
Prime IV Hydration & Wellness,980-385-7930,"primeivhydration.com/locations/north-carolina/huntersville-28078
                    "
"Life Companies, LLC dba Amada Senior Care Charlotte West",704-558-6020,No website found
Chichetti and Patel Dental Wellness,704-548-1818,"https://cpdentalwellness.com
                    "
ARCpoint Labs of Charlotte-Midtown,980-296-2088,No website found
"Twenty-One Medical, PLLC",704-227-5060,No website found
Vasami Training ,914-450-3614,"chrisvasami.com
                    "
Assisting Families Homecare,980-346-9507,No website found
Vio Med Spa,980-470-4846,"https://www.viomedspa.com
                    "
Tradition Dental Care,704-778-3545,"https://www.traditiondentalcarenc.com
                    "
Senior TLC,704-887-3840,No website found
NeoGenix Stem Cell & Regenerative Therapies,704-727-6551,"https://neogenixstemcells.com
                    "
ARC Point Labs - ZEM Aesthetics and Med Spa,704-900-8625,"https://www.zemmedspa.com
                    "
ManageMowed - South Charlotte,704-709-2070,No website found
Bright Brothers of South Charlotte,704-625-2311,No website found
Level Up Tailored Window Coverings,980-316-8045,"https://www.levelupcharlotte.com
                    "
Pressure Washing Windows and Floor Cleaners,252-258-4798,"https://www.pressurewashingwindowsfloorcleaners.com
                    "
Violet Home Services,704-686-8821,"https://violeths.com
                    "
ArtWorks Carolinas,704-351-4851,"https://www.facebook.com/ArtWorksCarolinas
                    "
Cynergence,704-299-0528,No website found
"Sage & Tima Designs, LLC",980-322-2412,No website found
ReCoat Revolution,704-500-0533,"https://recoatrevolution.com/locations/south-charlotte
                    "
That 1 Painter Charlotte Metro,704-489-3808,No website found
Deborah Bell Events,704-560-2304,No website found
Marvin Replacement ,866-521-4412,No website found
Granite Hills Group,980-321-4530,"https://www.granitehillsgroup.com
                    "
Saltzman Agency DBA Samantha Rachel Interiors,561-251-0873,"https://www.samantharachelinteriors.com
                    "
Trash and Stash Junk Removal,704-327-2446,No website found
ReVision Design/Remodeling,704-759-3920,No website found
Meta Stone Inc ,704-910-0035,No website found
Abberly Liberty Crossing,704-817-1200,No website found
Madison-Simmons Homes & Communities,704-997-8255,"https://www.madisonsimmonshomes.com
                    "
The Village on Morehead Retirement Living,704-831-8000,No website found
A’zar Bostic,704-620-0487,"https://linkedin.com/in/abosti
                    "
Finley on the Green,704-831-7035,No website found
D.R. Horton at Reedy Creek Preserve,980-372-2753,"https://www.drhorton.com/north-carolina/charlotte/charlotte/reedy-creek
                    "
Oak Lake Townhomes,704-266-1534,"https://www.oaklakeliving.com
                    "
Dryer Vent Superheroes of Mecklenburg County,980-550-5401,"https://dryerventheroes.com
                    "
CBN Mechanical LLC,704-831-1758,No website found
"Dilling: Heating, Cooling, Plumbing & Electrical",704-248-9468,"https://dillingnc.com
                    "
ER Plumbing Services,704-846-5371,No website found
"Paladin Business Consultants, LLC",828-315-0902,No website found
Yogita Singh,980-298-9513,No website found
Fang Investments,704-516-7040,No website found
Experis,704-409-7625,No website found
Pathway Technologies Inc,704-549-9539,"https://pathwaytech.com
                    "
"CMC Dataworks, Inc.",704-981-1399,No website found
"Security Technology Group, Inc.",704-520-2020,"https://www.callSTG.com
                    "
i-Tech Security Network Services,208-550-4103,No website found
ANC Group,888-424-4863,"ancgroup.com
                    "
A’zar Bostic,704-620-0487,"https://linkedin.com/in/abosti
                    "
Nexus Network Technologies,919-897-2700,No website found
RU SEEING RED LLC,704-846-5400,"https://RUseeingRed.com
                    "
Baker Audio Visual,770-441-2000,"https://www.bakeraudiovisual.com
                    "
PivIT Strategy,704-810-8300,No website found
ClarkPowell,800-532-1099,"https://www.clark-powell.com
                    "
"Queen City Technology Consultants, LLC",704-659-6951,"https://qctechconsultants.com
                    "
Biz Technology Solutions,704-658-1707,"www.biztechnologysolutions.com
                    "
"Silver Tree Services, LLC",919-294-6316,"https://silvertreeservices.com
                    "
Dove Technologies,843-665-7678,No website found
American Circuits Inc,704-376-2800,No website found
"MIDTC, LLC",704-897-6022,No website found
Netsafe Solutions,704-333-0404,"https://netsafesolutions.com
                    "
RobotLab Charlotte,803-524-2561,No website found
Techguru,704-457-7000,No website found
"Think PMO, LLC",678-386-6657,No website found
"PayMore® Stores - We Buy, Sell, and Trade Electronics",No phone number listed,No website found
Network Essentials ,980-416-5952,No website found
IT Habitech,704-837-2114,"https://www.ithabitech.com
                    "
Xtramile Soft LLC,704-699-9912,No website found
"Trafera, LLC",614-623-3883,No website found
Nesco Resource,No phone number listed,No website found
NetMetrics,704-287-1665,No website found
"Complete Works, Inc.",877-435-7294,No website found
Queen City IT Professionals,704-269-8388,No website found
Purple Mountain Consulting,512-773-1942,No website found
Tritech Consulting LLC,864-275-1159,"https://www.tritechconsulting.tech
                    "
Law Office of Regina Sarkis PLLC,704-620-1662,"https://lawyerandcounselor.com
                    "
PPLSI/LegalShield/IdShield,980-253-7445,"valerielangley.wearelegalshield.com
                    "
"Law Office of Jana K. Jones, PLLC",704-275-3505,"https://lawofficeofjkj.com
                    "
"Randall & Stump, Criminal Defense Attorneys",980-237-4579,"www.federaldefensenc.com
                    "
Gregory G. Holsinger CPA PA,704-895-4617,No website found
Interconnecting Circles and Communities ,1-800-793-6838,"www.connectingcirclesllc.com
                    "
"Bryson Bahrs, LLC",704-444-0478,No website found
Modern Legal,704-286-6302,No website found
Riddle & Riddle Injury Lawyers,919-778-9700,No website found
DYE CULIK PC,980-999-3557,No website found
"The Law Offices of Jason E. Taylor, P.C. Charlotte Injury Lawyers & Attorneys at Law",704-810-1133,No website found
Taylor's Pro Tax & Beyond ,866-860-7008 ext 1,No website found
"Arnold & Smith Law, PLLC",704-370-2828,No website found
United Real Estate - Queen City,305-879-2265,No website found
Charlotte Estate Planning,704-766-8836,No website found
Riad CPA PC,No phone number listed,No website found
"Marcellino & Tyson, PLLC ",704-919-1519,"https://www.yourncattorney.com
                    "
Dowling Defense Group LLC,631-574-7905,"www.dowlingdefensegroup.com
                    "
"Sodoma Law, P.C.",704-442-0000,"https://www.sodomalaw.com
                    "
Collins Family & Elder Law Group,704-289-3250,No website found
Kliebert Law,704-940-5581,No website found
Regions Mortgage,704-960-5597,No website found
LoanDepot,704-281-7041,No website found
Regions Mortgage,704-960-5597,No website found
LoanDepot,704-281-7041,No website found
The Dunhill Hotel,704-201-7012,No website found
Hyatt Centric SouthPark Charlotte,980-299-7123,No website found
NHS Voyages LLC,704-533-1241,"https://www.nhsvoyages.com
                    "
Sonesta Select Charlotte University,704-549-4888,No website found
Homewood Suites Charlotte Uptown First Ward,704-335-3338,No website found
Residence Inn by Marriott Charlotte Uptown,704-340-4000,No website found
Hilton Charlotte Airport,704-926-1485,"Hilton Charlotte Airport
                    "
"The Bahamas Ministry of Tourism, Investments & Aviation",919-455-6609,No website listed
Hampton Inn & Suites Charlotte Arrowood,704-525-3333,No website found
Price 4 Limo Charlotte,866-265-5479,Price 4 Limo
RobotLab Charlotte,803-524-2561,No website found
COURTYARD CHARLOTTE SOUTHPARK,704-552-7333,No website found
Courtyard by Marriott Charlotte Airport North,704-319-9900,"https://www.marriott.com/cltca
                    "
Element Charlotte Uptown Hotel,704-456-8618,No website found
Courtyard by Marriott Billy Graham Parkway,704-945-6800,"https://www.marriott.com/en-us/hotels/cltsw-courtyard-charlotte-airport-billy-graham-parkway/overview/?scid=f2ae0541-1279-4f24-b197-a979c79310b0
                    "
Exclusive Travel LLC,412-480-4810,"https://linktr.ee/travelexclusivelywithjess
                    "
Hilton Charlotte University Place,704-547-7444,"https://www.hilton.com/en/hotels/clthuhf-hilton-charlotte-university-place/
                    "
The DoubleTree by Hilton Charlotte Airport ,17043579121,"https://www.hilton.com/en/hotels/cltapdt-doubletree-charlotte-airport
                    "
Hampton Inn and Suites Charlotte SouthPark,704-651-6070,"httpS://www.hamptonsouthpark.com
                    "
DoubleTree by Hilton Charlotte City Center,No phone number listed,No website found
Sonesta Charlotte Executive Park,704-676-5801,No website found
Daly Seven Hotels,434-822-2161,"https://dalyseven.com/portfolio
                    "
Holiday Inn Express & Suites Charlotte Southend,704-496-9050,No website found
AAA,704-503-6814,No website found
Uptown Funk Tour,336-918-2022,No website found
stayAPT Suites Charlotte North,704-317-1211,"https://www.stayapt.com/hotels/stayapt-suites-charlotte-north
                    "
Hampton inn and Suites Charlotte Airport,704-394-6455,No website found
Comfort Suites Charlotte Airport,704-971-4400,No website found
Boa Vista,980-266-4923,"https://boavistausa.com
                    "
American Circuits Inc,704-376-2800,No website found
Pure Intentions Coffee,704-705-8456,No website found
CABINET IQ OF CHARLOTTE,425-802-2676,"https://www.cabinetiq.com/charlotte
                    "
Corning Optical Communications,828-901-5000,No website found
Action Flag,309-648-1719,No website found
BICASA North America Inc.,704-919-1350,"https://www.bicasa-usa.com
                    "
"STS Packaging, LLC",No phone number listed,"https://stspkg.com
                    "
Meta Stone Inc ,704-910-0035,No website found
Nesco Resource,No phone number listed,No website found
Microban Products Company,704-875-0806,"www.microban.com
                    "
Queen City Vizion LLC,703-217-5038,"https://www.linkedin.com/in/zach-bokulic-mba-6a7b31a7
                    "
Yogita Singh,980-298-9513,No website found
CABINET IQ OF CHARLOTTE,425-802-2676,"https://www.cabinetiq.com/charlotte
                    "
South Charlotte Media Group,704-681-8854,No website found
RACHEL ROWELL DESIGN CO.,910-470-0947,No website found
"PWErhardt-media, LLC",704-315-1332,No website found
IBX Digital,704-800-3774,"https://ibx.digital
                    "
"Law Office of Jana K. Jones, PLLC",704-275-3505,"https://lawofficeofjkj.com
                    "
MR Consulting,704-605-4447,No website found
Simpli.fi ,636-795-0877,No website found
The Wilson Media Co.,813-733-7681,"www.thewilsonmedia.co
                    "
Vibe.co ,585-300-1028,"https://vibe.co
                    "
Phoenixfire Design & Consulting,704-989-5753,No website found
"We Are HeadStart, Inc.",202-407-2898,"https://www.weareheadstart.com
                    "
Escape Plan Marketing,980-285-7782,No website found
NetMetrics,704-287-1665,No website found
Underdog Business Strategies,610-322-8733,No website found
BNI,803-372-3733,No website found
Paschal Events,704-906-2929,No website found
Lazarus Design Team,704-459-2454,No website found
Promotion Magic,704-596-2300,No website found
Win with Gratitude,704-491-3939,No website found
The SMB Strategist,919-500-7643,No website found
"The Bahamas Ministry of Tourism, Investments & Aviation",919-455-6609,No website listed
Crimson Park Digital,704-710-6250,No website found
Studio490,704-948-1587,No website found
"Life Curve Consulting, LLC.",704-402-7927,"https://www.renatemoore.com
                    "
AC Creative Collective,404-731-1017,No website found
DymeDigital Media,704-387-9977,No website found
Digital Marketing Solutions By Online Advantages™,866-932-3443,No website found
Meridian Business Solutions LLC,704-954-9204,"https://Meridian-team.com
                    "
Certified Digital Marketing Professional Association,910-257-3017,No website found
Regions Mortgage,704-960-5597,No website found
The NexLender (Capital Federal Credit Union),980-479-1011,"https://www.thenexlender.com
                    "
"Radius Financial Group, Inc.",70460402907,No website found
CrossCountry Mortgage,704-236-5525,"https://crosscountrymortgage.com/Team-Orebaugh
                    "
Movement Bank,315-412-2369,"chrisbushnell.com
                    "
LoanDepot,704-281-7041,No website found
Caregiver Mental Wellness,770-653-2389,No website found
Greater Charlotte Auto Dealers Association,704-364-1078,"https://www.charlotteautoshow.com
                    "
University Research Park ,No phone number listed,No website found
Alzheimer's Association,980-498-7760,"https://www.alz.org
                    "
BuildStrong Academy of Charlotte,980-470-9728,"https://hbi.org/buildstrong-charlotte
                    "
Suited for Veterans ,704-900-6050,"https://suitedforveterans.org
                    "
New Helping Ordinary People Excel CDC (New H. O.P.E. CDC),910-807-5183,"https://newhope-cdc.org
                    "
Dilworth Center,704-905-5400,No website found
HIS Radio 96.5,864-292-6040,No website found
Girl Scouts Hornets Nest Council,704-731-6500,No website found
Carolina Waterfowl Rescue,704-286-6330,"https://www.cwrescue.org
                    "
Game Faith Collective,407-676-2987,No website found
Yellow Tea Rose Foundation of NC,980-285-3942,No website found
"Best Buddies International/ NC, Inc.",704-619-7780,"https://BESTBUDDIES.ORG/NORTHCAROLINA
                    "
The Go Jen Go Foundation,17047746700,"https://www.gojengo.org
                    "
Campus to Commerce,336-471-7491,"https://campustocommerce.org
                    "
Trusted Parents,980-229-7253,No website found
First Gen Success,704-898-4732,"https://firstgensuccess.org
                    "
YPTC,984-377-5050,No website found
Nevins Inc.,No phone number listed,No website found
Ronald McDonald House Charities of Greater Charlotte,704-335-1191,No website found
Carolinas Freedom Foundation,980-422-3733,No website found
Make-A-Wish Central & Western North Carolina,704-339-0334,"wish.org/nc
                    "
Bright Blessings,704-846-2329,No website found
Purple Spaces,980-505-5201,"https://purplespaces.org
                    "
"Dismas Charities, Inc ",276-356-9190,"www.dismas.com 
                    "
Senior TLC,704-887-3840,No website found
"Lions Services, Inc. ",704-921-1527,"www.lionsservices.org
                    "
Toastmasters International District 37,310-528-8291,"https://d37toastmasters.org
                    "
DKMS,929-799-1143,No website found
InReach,704-536-6661,"www.InReachNC.org
                    "
ARRIBA,704-968-4419,No website found
UNITY CLASSICAL CHARTER SCHOOL,704-504-8460,No website found
Samaritan's Feet,980-939-8150,"www.samaritansfeet.org
                    "
ALS United North Carolina,704-272-1121,No website found
American Cancer Society,704-553-5352,"https://www.cancer.org
                    "
"International House of Metrolina, Inc. ",704-333-8099,No website found
The Salvation Army of Greater Charlotte,704-334-4731,No website found
American Red Cross,704-376-1661,No website found
She Speaks Community Co,336-255-5138,No website found
American Heart Association,704-804-2345,"www.heart.org/charlotte
                    "
Hope for Harvest Youth Center,980-299-6001,"https://hopeforharvest.org
                    "
Communities In Schools of Charlotte-Mecklenburg,704-335-0601,"https://www.cischarlotte.org
                    "
Junior Achievement of Central Carolinas,704-536-9668,"https://centralcarolinas.ja.org
                    "
Faiyaz Freedom to Breathe Foundation,443-631-4624,No website found
BBF,704-996-5405,No website found
Animal People Dog Boarding & Day Care ,980-272-6067,No website found
Trash and Stash Junk Removal,704-327-2446,No website found
McDowell Recruitment and Employment Agency,704-729-6022,"https://www.mcdowellrecruitmentandemploymentagency.com
                    "
Salt & Souls,704-503-9142,"https://www.saltandsouls.com
                    "
Sparkle Squad of Northeast Charlotte-Mooresville-Huntersville,704-936-0936,No website found
American Restoration Disaster Specialist,17044827586,No website found
Fastest Labs of Charlotte,704-405-2226,"https://www.fastestlabs.com/central-charlotte
                    "
"Lead and Grow Consulting, LLC",479-435-2640,"www.howardintl.org
                    "
Occam Security ,704-635-6800,No website found
Crime Scene Services Inc.,704-221-5329,No website found
Green’s Commercial Cleaning ,980-250-2421,"https://www.greenscommercialcleaning.com
                    "
"360 Protection Group, Inc.",704-618-1811,No website found
Waggles Puppy Boutique,704-709-1150,No website found
Hilldrup,704-996-2634,No website found
"Bespoke Beverages Event Bartending, LLC",425-772-6094,No website found
"Proteus Security Agency, LLC",844-688-1199,No website found
Momentor - Parent Guide,704-607-0569,No website found
HEALTH BY HYPNOSIS,917-549-7384,No website found
MY SALON Suite,510-798-7072,"www.mysalonsuite.com/ballantyne
                    "
Bright Brothers of South Charlotte,704-625-2311,No website found
"The Mental Edge, LLC",704-769-3400,"https://www.mentaledgellc.com
                    "
"Hallmark Homecare - East Charlotte, Concord, Albemarle",704-420-6868,No website found
The Learning Experience Ballantyne,704-752-5200,"https://thelearningexperience.com/centers/ballantyne
                    "
Lightbridge Academy of Steele Creek,704-588-9200,No website found
Pressure Washing Windows and Floor Cleaners,252-258-4798,"https://www.pressurewashingwindowsfloorcleaners.com
                    "
Kelsey Perry Dental,704-705-7770,No website found
Harrisburg Security Inc.,704-456-7401,"https://Harrisburgsecurity.com
                    "
Everbrook Academy,980-249-1830,"https://www.everbrookacademy.com/our-schools/charlotte-nc-4889
                    "
JMY The Salon,516-652-8844,"https://jmythesalons.com
                    "
Poseidon Spa Charlotte,206-702-8995,No website found
Southeastern College,704-527-4979,No website found
Town Square Innovative Adult Day Center,803-591-9898,No website found
Dilworth Center,704-905-5400,No website found
Laundry Unlimited,704-290-4964,No website found
Fish Window Cleaning,704-494-3474,No website found
Perspire Sauna Studio - Ballantyne,704-285-0097,"https://www.perspiresaunastudio.com/nc/ballantyne
                    "
"Peaceful Tails, End-of-Life Animal Doula",980-999-1751,"https://Peacefultailsdoula.com
                    "
Woodhouse Spas,704-520-8448,No website found
Oliver's Nannies,704-654-1655,No website found
Sugaring NYC - Charlotte,No phone number listed,No website found
4Ever Young Charlotte,980-407-4744,"https://4everyoungantiaging.com/charlotte-carmel-village/
                    "
Pink’s Windows South Charlotte Ballantyne,704-448-9061,No website found
American Red Cross,704-376-1661,No website found
My Shower Door,704-292-6116,"https://myshowerdoor.com
                    "
Vio Med Spa,980-470-4846,"https://www.viomedspa.com
                    "
"Security Technology Group, Inc.",704-520-2020,"https://www.callSTG.com
                    "
Violet Home Services,704-686-8821,"https://violeths.com
                    "
Modwash Charlotte,704-520-7177,"https://www.modwash.com/office/charlotte-n-tryon-st
                    "
Uptown Cuts ,980-483-8618,No website found
Links Car Wash,704-500-1639,No website found
Kiddie Academy of Charlotte-Highlands,980-357-5437,No website found
Merry Maids,704-567-6694,No website found
BlackStone Security Group,980-202-0338,No website found
Spotless Cleaning SVC of LKN ,704-200-2758,No website found
"Envision Creative Counseling, PLLC",980-417-1462,No website found
Dryer Vent Superheroes of Mecklenburg County,980-550-5401,"https://dryerventheroes.com
                    "
Girl Scouts Hornets Nest Council,704-731-6500,No website found
Sharkey's Cuts for Kids - Steele Creek,803-767-2626,"https://sharkeyscutsforkids.com
                    "
Mosquito Shield of East Charlotte,919-523-6865,No website found
Arrow Exterminators,770-876-0937,"https://arrowexterminators.com
                    "
Economy Exterminators,704-847-8088,No website found
M22 Builders,980-613-2550,"https://M22.LLC
                    "
Animal People Dog Boarding & Day Care ,980-272-6067,No website found
Waggles Puppy Boutique,704-709-1150,No website found
East Side Animal Hospital,704-512-0688,"https://www.eastsideahclt.com
                    "
"Peaceful Tails, End-of-Life Animal Doula",980-999-1751,"https://Peacefultailsdoula.com
                    "
Social Pet Hotel and Daycare,704-835-1022,"www.socialpethotel.com
                    "
Veterinary Emergency Group,980-880-6062,"veterinaryemergencygroup.com
                    "
K Marshay Photography LLC,757-846-4512,"www.kmarshayphotography.com
                    "
DS Photography llc ,980-338-0848,No website found
The Wilson Media Co.,813-733-7681,"www.thewilsonmedia.co
                    "
EYT Photography,650-464-5819,No website found
Graston Studios ,980-331-2997,No website found
DymeDigital Media,704-387-9977,No website found
Carolyn Ann Ryan Photography,704-256-7270,"www.carolynannryan.com
                    "
American Restoration Disaster Specialist,17044827586,No website found
ER Plumbing Services,704-846-5371,No website found
BELFOR Property Restoration,919-605-3141,No website found
American Leak Detection,919-877-9797,"https://Americanleakdetection.com
                    "
"Dilling: Heating, Cooling, Plumbing & Electrical",704-248-9468,"https://dillingnc.com
                    "
McDowell Recruitment and Employment Agency,704-729-6022,"https://www.mcdowellrecruitmentandemploymentagency.com
                    "
Premier Sotheby's International Realty,704-248-0243,No website found
Northwood Ravin,704-408-9889,"https://nwrliving.com
                    "
Henderson Properties,704-535-1122,No website found
MoveZen Property Management Charlotte NC Metro,704-228-8385,No website found
Drucker+Falk,919-846-7300,No website found
Cedar Management Group,704-644-8808,No website found
Hawthorne Management Company,704-377-0114,"hawthornemgmt.com
                    "
Envision Charlotte,704-575-2861,"https://envisioncharlotte.com/
                    "
Spark Publications,704-844-6080,No website found
South Charlotte Media Group,704-681-8854,No website found
Heritage Signs & Displays,704-551-0700,No website found
The Charlotte Ledger,No phone number listed,No website found
4Ever Young Charlotte,980-407-4744,"https://4everyoungantiaging.com/charlotte-carmel-village/
                    "
From Fear to Fire,203-312-4990,"https://heatherhansenoneill.com
                    "
Old North State Magazines,704-523-6987,"https://businessnc.com
                    "
Queen City Vizion LLC,703-217-5038,"https://www.linkedin.com/in/zach-bokulic-mba-6a7b31a7
                    "
sellyourhomecharlotte.com,704-621-3066,"https://SellYourHomeCharlotte.com
                    "
Premier Sotheby's International Realty,704-248-0243,No website found
Macro Realty Advisores,980-427-9502,No website found
Redwood Charlotte Harris Houston Apartments,844-490-2077,No website found
MoveZen Property Management Charlotte NC Metro,704-228-8385,No website found
Christen Ripoli - REALTOR,330-301-0687,"https://christenripoli.com
                    "
Yancey Realty,704-960-6713,"https://cameron.findhomesincharlotte.com
                    "
"Keller Williams South Park- Kelly Flanagan, Realtor ",704-909-6017,"https://kellyflanagan.kw.com
                    "
Henderson Properties,704-535-1122,No website found
CLT Home Group ,704-323-8080,No website found
Kole's Keys Real Estate,704-258-7046,No website found
Mackey Realty,704-919-0073,"www.MackeyRealty.com
                    "
Real Broker,No phone number listed,No website found
Trash and Stash Junk Removal,704-327-2446,No website found
MY SALON Suite,510-798-7072,"www.mysalonsuite.com/ballantyne
                    "
"Radius Financial Group, Inc.",70460402907,No website found
Keller Williams South Park-The John Bolos Group,302-420-7365,"https://audreywoelfel.kw.com
                    "
Violet Home Services,704-686-8821,"https://violeths.com
                    "
Mattamy Homes,980-266-4102,"https://mattamyhomes.com
                    "
The Plaza Townes at Commercial Avenue,704-770-7388,No website found
United Real Estate - Queen City,305-879-2265,No website found
United Commercial Group,864-621-2160,"https://dreamteamunited.com
                    "
Lochmoor Realty LLC,704-953-4517,No website found
D.R. Horton at Cardinal Creek,704-604-9588,"https://www.drhorton.com/north-carolina/charlotte/charlotte/cardinal-creek
                    "
Luxury Home Sales - Realtor,980-556-6676,"https://www.joneshomesusa.com
                    "
A’zar Bostic,704-620-0487,"https://linkedin.com/in/abosti
                    "
Trash and Stash Junk Removal,704-327-2446,No website found
Macro Realty Advisores,980-427-9502,No website found
Violet Home Services,704-686-8821,"https://violeths.com
                    "
MoveZen Property Management Charlotte NC Metro,704-228-8385,No website found
CLT Home Group ,704-323-8080,No website found
Port City Movers,704-799-3382,"https://portcitymoversnc.com
                    "
The Plaza Townes at Commercial Avenue,704-770-7388,No website found
HIS Radio 96.5,864-292-6040,No website found
Game Faith Collective,407-676-2987,No website found
United Commercial Group,864-621-2160,"https://dreamteamunited.com
                    "
Keller Williams Luxury - Southpark,704-942-7711,No website found
Story University North,980-340-9300,No website found
Macro Realty Advisores,980-427-9502,No website found
Kole's Keys Real Estate,704-258-7046,No website found
CLT Home Group ,704-323-8080,No website found
Mattamy Homes,980-266-4102,"https://mattamyhomes.com
                    "
Finley on the Green,704-831-7035,No website found
Redwood Charlotte Harris Houston Apartments,844-490-2077,No website found
MoveZen Property Management Charlotte NC Metro,704-228-8385,No website found
sellyourhomecharlotte.com,704-621-3066,"https://SellYourHomeCharlotte.com
                    "
D.R. Horton at Cardinal Creek,704-604-9588,"https://www.drhorton.com/north-carolina/charlotte/charlotte/cardinal-creek
                    "
CABINET IQ OF CHARLOTTE,425-802-2676,"https://www.cabinetiq.com/charlotte
                    "
KW Select - John Gorman,704-684-1000,"johngorman.kw.com
                    "
Spire Luxury Apartments,336-331-1700,"https://www.luxuryapartmentscharlottenc.com
                    "
The Plaza Townes at Commercial Avenue,704-770-7388,No website found
Lochmoor Realty LLC,704-953-4517,No website found
Shaun Collyer-Realtor,828-450-4175,"https://www.ShaunCollyer.com
                    "
Luxury Home Sales - Realtor,980-556-6676,"https://www.joneshomesusa.com
                    "
Rosem Capital Realty LLC,704-213-5155,"https://rosemcapitalrealty.com
                    "
Christen Ripoli - REALTOR,330-301-0687,"https://christenripoli.com
                    "
D.R. Horton at Reedy Creek Preserve,980-372-2753,"https://www.drhorton.com/north-carolina/charlotte/charlotte/reedy-creek
                    "
United Real Estate - Queen City,305-879-2265,No website found
Madison-Simmons Homes & Communities,704-997-8255,"https://www.madisonsimmonshomes.com
                    "
Yancey Realty,704-960-6713,"https://cameron.findhomesincharlotte.com
                    "
Violet Home Services,704-686-8821,"https://violeths.com
                    "
"Keller Williams South Park- Kelly Flanagan, Realtor ",704-909-6017,"https://kellyflanagan.kw.com
                    "
Solis Millennium,980-348-9485,"solismillennium.com
                    "
Toastique,704-763-1422,best selling products!
Sweetgreen,334-689-9784,"https://www.sweetgreen.com
                    "
Casa Del Tequila,980-613-8022,No website found
Hyatt Centric SouthPark Charlotte,980-299-7123,No website found
Sam's Club ,914-888-3324,"https://www.samsclub.com
                    "
Hilltop Coffee,301-356-0146,No website found
Homewood Suites Charlotte Uptown First Ward,704-335-3338,No website found
Hilton Charlotte University Place,704-547-7444,"https://www.hilton.com/en/hotels/clthuhf-hilton-charlotte-university-place/
                    "
Juniper Grill Ballantyne,704-490-4500,No website found
Link & Pin ,980-920-3449,No website found
Leo's Italian Social,980-237-6880,"https://leositaliansocial.com
                    "
TopGolf Charlotte University,980-701-0436,No website found
Beurrejour,718-578-2319,"https://www.beurrejour.com
                    "
KFC/Fulenwider Enterprises ,828-443-6679,"https://kfc.com
                    "
Brazwells Pub,704-523-3500,"Visit Our Website
                    "
NAPA Bistro & Wine Bar | Stonecrest,704-631-2200,No website found
Dos Caminos,No phone number listed,"https://www.doscaminos.com/location/charlotte/
                    "
Viva Chicken,No phone number listed,No website found
"Bespoke Beverages Event Bartending, LLC",425-772-6094,No website found
Papa Doc's Shore Club,803-831-0043,"Visit Our Website
                    "
Outback Steakhouse - Riverbend,704-499-8758,No website found
Haraz Coffee House,313-588-0844,No website found
Primo Partners LLC,310-818-9610,"https://www.primopartners.com
                    "
"Intelligration Capital BB, LLC",704-312-8741,No website found
The DoubleTree by Hilton Charlotte Airport ,17043579121,"https://www.hilton.com/en/hotels/cltapdt-doubletree-charlotte-airport
                    "
Ink n Ivy Charlotte,704-332-5424,"Visit Our Website
                    "
Pure Intentions Coffee,704-705-8456,No website found
City Barbeque,704-294-5007,"https://citybbq.com
                    "
Ruby Sunshine,225-938-6702,"https://rubybrunch.com
                    "
Firebirds Wood Fired Grill,704-944-5180,No website found
Bobby's Burgers by Bobby Flay,704-579-6819,No website found
Mason's Famous Lobster Rolls ,704-443-7179,No website found
Fulenwider Enterprises/Taco Bell,828-443-6679,"https://tacobell.com
                    "
Singas Famous Pizza,704-900-8040,"https://www.singaspizzas.com
                    "
CHARLOTTE BEVERAGE DISTRIBUTION LLC,518-307-9649,"https://www.charlottebeveragedistribution.org
                    "
The Olde Mecklenburg Brewery LLC,704-525-5644 x119,No website found
Alongside Brewing,704-995-7767,"https://Www.alongsidebrewing.com
                    "
Kolapasi Indian Canteen,980-616-3993,"https://kolapasi.us
                    "
"Mooyah Burgers, Fries & Shakes (Uptown)",704-885-0188,"https://www.mooyah.com
                    "
Golden Corral #2607,704-549-4555,No website found
Ruth's Chris Steakhouse - Uptown,No phone number listed,No website found
Ruth's Chris Steakhouse SouthPark,704-726-3200,No website found
RobotLab Charlotte,803-524-2561,No website found
Stanton Enterprise DBA McDonalds ,704-820-1074,No website found
Del Frisco's Double Eagle Steakhouse,704-552-5502,No website found
Town Square Innovative Adult Day Center,803-591-9898,No website found
The Village on Morehead Retirement Living,704-831-8000,No website found
Spire Luxury Apartments,336-331-1700,"https://www.luxuryapartmentscharlottenc.com
                    "
Brazwells Pub,704-523-3500,"Visit Our Website
                    "
Papa Doc's Shore Club,803-831-0043,"Visit Our Website
                    "
IKEA,888-888-4532,"https://www.ikea.com/us/en/stores/charlotte
                    "
MacFly Fresh Printing Company,704-802-9633,No website found
K Marshay Photography LLC,757-846-4512,"www.kmarshayphotography.com
                    "
Westlake ACE Hardware,704-319-7217,No website found
Aqua World,704-520-6979,"https://www.aquaworldnc.com
                    "
CharlotteELF & CharlotteLightscapes ,704-604-6707,No website found
Promotion Magic,704-596-2300,No website found
Instant Imprints Charlotte,704-584-7764,No website found
J. Major's Bridal Boutique,704-372-0082,No website found
TOTAL PACKAGE,980-339-0346,No website found
Action Flag,309-648-1719,No website found
Jackpot Discount Store,980-505-7636,No website found
Perfectly Wrapped Balloons,704-666-2939,"https://www.perfectlywrappedballoons.com
                    "
Win with Gratitude,704-491-3939,No website found
FSIoffice,704-598-8971,"https://fsioffice.com/
                    "
Custom Ink,704-935-5604,"https://www.customink.com/phillipsplace
                    "
Apotheca Dispensary,704-936-8339,No website found
Ralph Lauren Phillips Place,704-887-9154,"https://www.ralphlauren.com
                    "
Trash and Stash Junk Removal,704-327-2446,No website found
Sam's Club ,914-888-3324,"https://www.samsclub.com
                    "
Neek Tea Co.,704-412-8080,"https://neekteaco.com
                    "
"PayMore® Stores - We Buy, Sell, and Trade Electronics",No phone number listed,No website found
Rustic and Main,919-980-4527,"https://www.rusticandmain.com
                    "
Pearce Bespoke Charlotte,704-981-0063,No website found
Salt & Souls,704-503-9142,"https://www.saltandsouls.com
                    "
GlamGlitzGrace Boutique,706-836-0959,"https://GlamGlitzGraceboutique.com
                    "
Top Tier Solar Solutions,801-927-8969,"https://www.toptiersolarsolutions.com
                    "
Viva Collective LLC,980-250-6094,"https://vivacollectiveclt.com
                    "
Alloy Personal Training,704-761-4628,No website found
Training Concepts,917-687-3702,"https://www.tc.fitness
                    "
Activate Charlotte,704-412-6464,No website found
BFT - Body Fit Training,704-234-7141,No website found
MARA,19196244224,No website found
3T America ,704-576-7970,"https://us.3t.bike
                    "
"Twenty-One Medical, PLLC",704-227-5060,No website found
Hotworx Studio- Charlotte Steele Creek,704-274-1172,"https://www.hotworx.net/studio/charlotte-steele-creek
                    "
Vasami Training ,914-450-3614,"chrisvasami.com
                    "
"Hallmark Homecare - East Charlotte, Concord, Albemarle",704-420-6868,No website found
"Dedicated Nursing Associates, Inc.",724-365-8545,"https://dedicatednurses.com
                    "
Lingo Staffing,843-602-7747,No website found
Cornerstone Staffing Solutions,704-587-4549,"https://www.work4css.com
                    "
Nesco Resource,No phone number listed,No website found
Elite Resources Inc.,704-504-2299,"https://eliteresources.net
                    "
Ambassador Personnel,704-522-1188,matching candidates with meaningful work
The Blue Collar Recruiter & Virtual Trade School,980-306-2806,No website found
Experis,704-409-7625,No website found
"Debbie's Staffing Services, Inc",704-494-8884,"https://www.debbiesstaffing.com
                    "
McDowell Recruitment and Employment Agency,704-729-6022,"https://www.mcdowellrecruitmentandemploymentagency.com
                    "
Trash and Stash Junk Removal,704-327-2446,No website found
University Storage Charlotte,717-900-8555,No website found
Prime Earth Inc.,904-472-3917,"https://primeearthinc.com
                    "
DUKE Limo ,980-401-2246,"https://dukelimo.com
                    "
A’zar Bostic,704-620-0487,"https://linkedin.com/in/abosti
                    "
Bennett International,858-349-4343,"https://www.bennettig.com
                    "
"Overtime Towing & Transport, LLC",980-505-0553,"www.overtimetowing.com
                    "
Price 4 Limo Charlotte,866-265-5479,Price 4 Limo
Bus.com Charlotte,855-426-1717,"www.bus.com/cities/charlotte
                    "
GOGO Charters Charlotte ,888-545-7943,"https://gogocharters.com/group-transportation-services
                    "
Senior TLC,704-887-3840,No website found
Burton Transit,704-900-0499,No website found
Servicemaster DSI,704-635-9521,No website found
Charlotte's Best Roofing and Restoration,704-345-9446,No website found
BELFOR Property Restoration,919-605-3141,No website found
American Restoration Disaster Specialist,17044827586,No website found
Coumba Win Design,802-990-3399,"https://www.coumba.win
                    "
TMG Unique Event Designs,631-762-4864,No website found
Carolina DJ Professionals,704-990-5622,"https://www.carolinadjprofessionals.com
                    "                                           
Rustic and Main,919-980-4527,"https://www.rusticandmain.com
                    "
